l_braz_por:
 CW_DATE_April: "Abril"
 CW_DATE_August: "Agosto"
 CW_DATE_December: "Dezembro"
 CW_DATE_February: "Fevereiro"
 CW_DATE_Friday: "Sexta-Feira"
 CW_DATE_January: "Janeiro"
 CW_DATE_July: "Julho"
 CW_DATE_June: "Junho"
 CW_DATE_March: "Março"
 CW_DATE_May: "Maio"
 CW_DATE_Monday: "Segunda-Feira"
 CW_DATE_November: "Novembro"
 CW_DATE_October: "Outubro"
 CW_DATE_Saturday: "Sábado"
 CW_DATE_September: "Setembro"
 CW_DATE_Sunday: "Domingo"
 CW_DATE_Thursday: "Quinta-Feira"
 CW_DATE_Tuesday: "Terça-Feira"
 CW_DATE_Wednesday: "Quarta-Feira"
 CW_DATE_Jan: "Jan"
 CW_DATE_Feb: "Fev"
 CW_DATE_Mar: "Mar"
 CW_DATE_Apr: "Abr"
 CW_DATE_Jun: "Jun"
 CW_DATE_Jul: "Jul"
 CW_DATE_Aug: "Ago"
 CW_DATE_Sep: "Set"
 CW_DATE_Oct: "Out"
 CW_DATE_Nov: "Nov"
 CW_DATE_Dec: "Dez"
 CW_DATE_Mon: "Seg"
 CW_DATE_Tue: "Ter"
 CW_DATE_Wed: "Qua"
 CW_DATE_Thu: "Qui"
 CW_DATE_Fri: "Sex"
 CW_DATE_Sat: "Sáb"
 CW_DATE_Sun: "Dom"
